vehicle_id,image_name,helmet_status,confidence,x1,y1,x2,y2
-1,BEST.jpg,without_helmet,0.7028001546859741,286,213,385,342
-1,frame000538_zone0_motorcycle_right.jpeg,without_helmet,0.6474260091781616,274,217,370,334
-1,frame000544_zone2_bicycle_left.jpeg,without_helmet,0.7783921360969543,479,174,586,312
-1,frame000546_zone2_bicycle_left.jpeg,without_helmet,0.8459333777427673,431,146,551,289
18,BEST.jpg,without_helmet,0.8059888482093811,260,210,382,335
18,frame000098_zone0_bicycle_right.jpeg,without_helmet,0.7891457080841064,251,230,342,338
18,frame000100_zone0_bicycle_right.jpeg,without_helmet,0.8017421364784241,245,238,344,350
18,frame000102_zone0_bicycle_right.jpeg,without_helmet,0.7895728945732117,247,230,346,346
18,frame000110_zone1_motorcycle_right.jpeg,without_helmet,0.8059610724449158,250,230,358,354
18,frame000112_zone1_bicycle_right.jpeg,without_helmet,0.8027983903884888,252,221,356,350
18,frame000114_zone1_motorcycle_right.jpeg,without_helmet,0.8138858675956726,249,214,361,334
18,frame000122_zone2_motorcycle_right.jpeg,without_helmet,0.8396477103233337,260,191,378,335
18,frame000124_zone2_motorcycle_right.jpeg,without_helmet,0.8197555541992188,252,187,381,331
29,BEST.jpg,without_helmet,0.40293195843696594,475,221,575,321
29,frame000132_zone0_bicycle_right.jpeg,without_helmet,0.4050249457359314,258,245,352,328
29,frame000134_zone0_bicycle_right.jpeg,without_helmet,0.5505335330963135,260,237,353,330
29,frame000136_zone0_bicycle_left.jpeg,no_detection,0,,,,
29,frame000140_zone1_bicycle_left.jpeg,without_helmet,0.4322519302368164,466,219,567,329
29,frame000142_zone1_bicycle_left.jpeg,no_detection,0,,,,
29,frame000146_zone2_bicycle_left.jpeg,without_helmet,0.42085251212120056,471,196,577,300
29,frame000148_zone2_bicycle_left.jpeg,no_detection,0,,,,
39,BEST.jpg,without_helmet,0.5487412810325623,252,216,348,330
39,frame000160_zone0_bicycle_right.jpeg,without_helmet,0.44496673345565796,227,228,319,333
39,frame000162_zone0_bicycle_right.jpeg,no_detection,0,,,,
39,frame000164_zone0_bicycle_right.jpeg,no_detection,0,,,,
39,frame000168_zone1_bicycle_right.jpeg,without_helmet,0.47586989402770996,247,218,339,327
39,frame000170_zone1_bicycle_right.jpeg,no_detection,0,,,,
39,frame000174_zone2_bicycle_right.jpeg,no_detection,0,,,,
39,frame000176_zone2_bicycle_right.jpeg,no_detection,0,,,,
42,BEST.jpg,without_helmet,0.7685808539390564,257,188,366,315
42,frame000180_zone0_bicycle_right.jpeg,without_helmet,0.7395998239517212,256,257,345,354
42,frame000182_zone0_motorcycle_right.jpeg,without_helmet,0.7604343891143799,256,251,345,346
42,frame000184_zone0_bicycle_right.jpeg,without_helmet,0.7369368076324463,249,244,343,348
42,frame000192_zone1_bicycle_right.jpeg,without_helmet,0.7523781061172485,262,240,362,342
42,frame000194_zone1_bicycle_right.jpeg,without_helmet,0.792195200920105,262,232,361,336
42,frame000196_zone1_bicycle_right.jpeg,without_helmet,0.7038288712501526,255,218,355,320
42,frame000204_zone2_bicycle_right.jpeg,without_helmet,0.7487757802009583,258,172,365,288
42,frame000206_zone2_bicycle_right.jpeg,without_helmet,0.7758367657661438,248,157,367,286
66,BEST.jpg,without_helmet,0.7449202537536621,486,207,591,312
66,frame000230_zone0_bicycle_right.jpeg,without_helmet,0.7151724696159363,279,239,370,329
66,frame000232_zone0_bicycle_right.jpeg,without_helmet,0.7243086099624634,275,212,371,305
66,frame000234_zone0_bicycle_left.jpeg,without_helmet,0.7390649914741516,65,0,160,25
66,frame000238_zone1_bicycle_left.jpeg,without_helmet,0.7088192105293274,480,217,585,329
66,frame000240_zone1_bicycle_left.jpeg,without_helmet,0.7311167120933533,479,207,585,318
66,frame000244_zone2_bicycle_left.jpeg,without_helmet,0.7355414032936096,0,0,114,73
66,frame000246_zone2_bicycle_left.jpeg,without_helmet,0.7526378035545349,491,167,597,290
68,BEST.jpg,no_detection,0,,,,
68,frame000234_zone0_bicycle_right.jpeg,no_detection,0,,,,
68,frame000236_zone0_bicycle_right.jpeg,no_detection,0,,,,
68,frame000238_zone0_bicycle_right.jpeg,no_detection,0,,,,
68,frame000244_zone1_bicycle_right.jpeg,no_detection,0,,,,
68,frame000246_zone1_bicycle_right.jpeg,no_detection,0,,,,
68,frame000250_zone2_bicycle_right.jpeg,without_helmet,0.3521442413330078,331,214,406,310
68,frame000252_zone2_motorcycle_right.jpeg,no_detection,0,,,,
68,frame000254_zone2_motorcycle_right.jpeg,no_detection,0,,,,
71,BEST.jpg,without_helmet,0.822874903678894,459,180,563,297
71,frame000240_zone0_bicycle_right.jpeg,without_helmet,0.7195122838020325,244,200,338,304
71,frame000242_zone0_bicycle_right.jpeg,without_helmet,0.7242593765258789,244,197,343,299
71,frame000244_zone0_bicycle_left.jpeg,without_helmet,0.7080241441726685,440,199,540,303
71,frame000246_zone1_motorcycle_left.jpeg,without_helmet,0.7498104572296143,449,200,553,307
71,frame000248_zone1_bicycle_left.jpeg,without_helmet,0.7892951965332031,459,201,563,308
71,frame000252_zone2_motorcycle_left.jpeg,without_helmet,0.8429390788078308,459,157,578,280
71,frame000254_zone2_motorcycle_left.jpeg,without_helmet,0.8425376415252686,442,145,562,271
75,BEST.jpg,without_helmet,0.8164355754852295,517,221,614,351
75,frame000268_zone0_bicycle_right.jpeg,without_helmet,0.825133204460144,315,248,396,349
75,frame000270_zone0_motorcycle_right.jpeg,without_helmet,0.8217999935150146,316,242,399,349
75,frame000272_zone0_bicycle_left.jpeg,without_helmet,0.824023425579071,514,238,597,348
75,frame000274_zone1_motorcycle_left.jpeg,without_helmet,0.8201297521591187,514,234,600,349
75,frame000276_zone1_motorcycle_left.jpeg,without_helmet,0.8253306746482849,515,224,606,348
75,frame000280_zone2_motorcycle_left.jpeg,without_helmet,0.8329514265060425,507,199,617,342
75,frame000282_zone2_motorcycle_left.jpeg,without_helmet,0.7840973138809204,489,190,606,348
93,BEST.jpg,without_helmet,0.6661542654037476,483,179,600,294
93,frame000320_zone0_bicycle_right.jpeg,without_helmet,0.7328187227249146,276,224,359,338
93,frame000322_zone0_bicycle_right.jpeg,without_helmet,0.7314652800559998,267,219,359,368
93,frame000324_zone0_bicycle_left.jpeg,without_helmet,0.678335428237915,473,203,561,301
93,frame000326_zone1_bicycle_left.jpeg,without_helmet,0.6973942518234253,468,193,566,339
93,frame000328_zone1_bicycle_left.jpeg,without_helmet,0.6263242363929749,477,258,567,376
93,frame000332_zone2_bicycle_left.jpeg,without_helmet,0.7270910739898682,495,158,598,256
93,frame000334_zone2_bicycle_left.jpeg,without_helmet,0.6954171657562256,494,147,601,237
100,BEST.jpg,without_helmet,0.7895728349685669,443,220,534,323
100,frame000332_zone0_bicycle_right.jpeg,without_helmet,0.6704016327857971,233,241,322,337
100,frame000334_zone0_bicycle_right.jpeg,without_helmet,0.6762674450874329,228,226,315,322
100,frame000336_zone0_bicycle_left.jpeg,without_helmet,0.7285095453262329,430,226,517,320
100,frame000338_zone1_bicycle_left.jpeg,without_helmet,0.7705037593841553,440,233,528,328
100,frame000340_zone1_bicycle_left.jpeg,without_helmet,0.7448038458824158,446,229,537,322
100,frame000344_zone2_bicycle_left.jpeg,without_helmet,0.7804291248321533,438,198,541,309
152,BEST.jpg,without_helmet,0.7409968376159668,236,222,326,320
152,frame000498_zone0_bicycle_right.jpeg,without_helmet,0.5962722897529602,234,246,312,333
152,frame000500_zone0_bicycle_right.jpeg,without_helmet,0.6642932891845703,239,247,316,335
152,frame000502_zone0_bicycle_right.jpeg,without_helmet,0.7407734990119934,229,231,311,324
152,frame000506_zone1_bicycle_right.jpeg,without_helmet,0.6857143044471741,226,214,316,310
152,frame000508_zone1_bicycle_right.jpeg,without_helmet,0.5770543813705444,237,220,328,318
152,frame000514_zone2_bicycle_right.jpeg,without_helmet,0.7642173767089844,230,187,330,294
152,frame000516_zone2_bicycle_right.jpeg,without_helmet,0.7170507907867432,243,186,347,304
154,BEST.jpg,without_helmet,0.7987125515937805,481,151,595,315
154,frame000502_zone0_bicycle_right.jpeg,without_helmet,0.7739620208740234,271,197,370,340
154,frame000504_zone0_bicycle_right.jpeg,without_helmet,0.8321333527565002,281,188,377,322
154,frame000506_zone0_bicycle_left.jpeg,without_helmet,0.7665389180183411,481,179,582,330
154,frame000508_zone1_bicycle_left.jpeg,without_helmet,0.7320578098297119,489,181,592,333
154,frame000510_zone1_bicycle_left.jpeg,without_helmet,0.8002259135246277,484,166,593,321
154,frame000516_zone2_bicycle_left.jpeg,without_helmet,0.688511848449707,478,123,607,311
154,frame000518_zone2_bicycle_left.jpeg,without_helmet,0.7809416651725769,485,137,607,341
188,frame000536_zone0_bicycle_right.jpeg,without_helmet,0.630490243434906,252,210,344,325
192,frame000542_zone1_motorcycle_right.jpeg,without_helmet,0.7668126821517944,272,208,373,337
198,BEST.jpg,without_helmet,0.5206047892570496,252,197,356,316
198,frame000596_zone0_bicycle_right.jpeg,without_helmet,0.7543421983718872,231,248,327,349
198,frame000598_zone0_bicycle_right.jpeg,without_helmet,0.7611202597618103,233,234,327,344
198,frame000600_zone0_bicycle_right.jpeg,without_helmet,0.6668493151664734,231,233,328,345
198,frame000608_zone1_bicycle_right.jpeg,without_helmet,0.7501382231712341,230,227,334,345
198,frame000610_zone1_bicycle_right.jpeg,without_helmet,0.6540802717208862,230,208,341,329
198,frame000612_zone1_bicycle_right.jpeg,without_helmet,0.6904153823852539,241,204,349,322
198,frame000618_zone2_bicycle_right.jpeg,without_helmet,0.5884076356887817,265,185,379,307
198,frame000620_zone2_bicycle_right.jpeg,without_helmet,0.6102504730224609,243,180,353,310
212,BEST.jpg,without_helmet,0.7540828585624695,276,213,377,314
212,frame000660_zone0_bicycle_right.jpeg,without_helmet,0.7164692282676697,247,243,338,324
212,frame000662_zone0_bicycle_right.jpeg,without_helmet,0.753665566444397,249,243,339,333
212,frame000664_zone0_bicycle_right.jpeg,without_helmet,0.7465556859970093,254,246,342,338
212,frame000670_zone1_bicycle_right.jpeg,without_helmet,0.6477410197257996,245,221,342,319
212,frame000672_zone1_bicycle_right.jpeg,without_helmet,0.7177252173423767,245,215,348,325
212,frame000674_zone1_motorcycle_right.jpeg,without_helmet,0.7718067169189453,261,217,357,316
212,frame000680_zone2_bicycle_right.jpeg,without_helmet,0.7251484394073486,261,188,369,284
212,frame000682_zone2_bicycle_right.jpeg,without_helmet,0.7075485587120056,257,172,369,288
214,BEST.jpg,without_helmet,0.8450740575790405,460,237,569,354
214,frame000658_zone0_motorcycle_right.jpeg,without_helmet,0.7553568482398987,258,267,355,366
214,frame000660_zone0_bicycle_right.jpeg,without_helmet,0.826039731502533,253,256,349,356
214,frame000662_zone0_bicycle_left.jpeg,without_helmet,0.8326496481895447,454,254,548,358
214,frame000668_zone1_bicycle_left.jpeg,without_helmet,0.815491795539856,459,254,564,369
214,frame000670_zone1_motorcycle_left.jpeg,without_helmet,0.8082244992256165,459,242,569,363
214,frame000674_zone2_motorcycle_left.jpeg,without_helmet,0.8012793064117432,457,226,567,344
214,frame000676_zone2_bicycle_left.jpeg,without_helmet,0.8217416405677795,462,216,580,349
222,BEST.jpg,without_helmet,0.7360540628433228,285,160,377,248
222,frame000678_zone0_bicycle_right.jpeg,without_helmet,0.7231784462928772,268,194,342,266
222,frame000680_zone0_bicycle_right.jpeg,without_helmet,0.7549238204956055,272,194,347,271
222,frame000682_zone0_bicycle_right.jpeg,without_helmet,0.7490742802619934,248,250,349,343
222,frame000688_zone1_bicycle_right.jpeg,without_helmet,0.734515368938446,610,917,727,1041
222,frame000690_zone1_bicycle_right.jpeg,without_helmet,0.7034441232681274,622,953,746,1103
222,frame000698_zone2_bicycle_right.jpeg,without_helmet,0.6460161805152893,729,1182,850,1269
222,frame000700_zone2_bicycle_right.jpeg,without_helmet,0.670869767665863,316,131,407,215
235,BEST.jpg,without_helmet,0.7297598123550415,275,212,377,321
235,frame000730_zone0_bicycle_right.jpeg,without_helmet,0.5612030029296875,253,248,350,366
235,frame000732_zone0_bicycle_right.jpeg,without_helmet,0.7102842330932617,249,253,342,375
235,frame000734_zone0_bicycle_right.jpeg,without_helmet,0.495511531829834,265,245,359,354
235,frame000740_zone1_bicycle_right.jpeg,without_helmet,0.7118828296661377,253,233,354,365
235,frame000742_zone1_bicycle_right.jpeg,without_helmet,0.6934311985969543,258,231,365,346
235,frame000748_zone2_bicycle_right.jpeg,without_helmet,0.7725457549095154,263,203,375,356
235,frame000750_zone2_bicycle_right.jpeg,without_helmet,0.7595148682594299,269,206,379,329
240,BEST.jpg,without_helmet,0.8050532341003418,437,227,532,351
240,frame000716_zone0_bicycle_right.jpeg,without_helmet,0.6480133533477783,228,258,314,362
240,frame000718_zone0_bicycle_right.jpeg,without_helmet,0.6868051290512085,234,257,321,359
240,frame000720_zone0_bicycle_right.jpeg,without_helmet,0.749701201915741,223,250,308,355
240,frame000724_zone1_bicycle_left.jpeg,without_helmet,0.7208582162857056,421,236,516,350
240,frame000726_zone1_bicycle_left.jpeg,without_helmet,0.7781044840812683,433,229,526,348
240,frame000732_zone2_bicycle_left.jpeg,without_helmet,0.7213109731674194,425,198,539,340
240,frame000734_zone2_bicycle_left.jpeg,without_helmet,0.6974001526832581,420,190,543,347
244,BEST.jpg,without_helmet,0.7314623594284058,451,208,561,326
244,frame000740_zone0_bicycle_right.jpeg,without_helmet,0.71589595079422,340,1218,453,1285
244,frame000742_zone0_bicycle_right.jpeg,without_helmet,0.668005645275116,254,239,357,348
244,frame000744_zone0_bicycle_left.jpeg,without_helmet,0.7263321876525879,454,245,556,352
244,frame000748_zone1_bicycle_left.jpeg,without_helmet,0.7548454403877258,450,211,560,353
244,frame000750_zone1_bicycle_left.jpeg,without_helmet,0.742754340171814,453,214,565,350
244,frame000754_zone2_motorcycle_left.jpeg,without_helmet,0.7672129273414612,453,191,578,340
244,frame000756_zone2_bicycle_left.jpeg,without_helmet,0.7515628933906555,451,181,572,324
252,BEST.jpg,without_helmet,0.7994536757469177,260,193,365,318
252,frame000764_zone0_bicycle_right.jpeg,without_helmet,0.8069734573364258,249,233,340,342
252,frame000766_zone0_bicycle_right.jpeg,without_helmet,0.8191751837730408,247,232,343,342
252,frame000768_zone0_bicycle_right.jpeg,without_helmet,0.7691844701766968,244,227,341,338
252,frame000774_zone1_motorcycle_left.jpeg,without_helmet,0.8175106644630432,464,221,559,331
252,frame000776_zone1_motorcycle_left.jpeg,without_helmet,0.8202400207519531,458,208,564,321
252,frame000780_zone2_motorcycle_right.jpeg,without_helmet,0.8100501298904419,265,174,374,309
252,frame000782_zone2_motorcycle_left.jpeg,without_helmet,0.8468873500823975,467,168,580,303
252,frame000784_zone2_bicycle_right.jpeg,without_helmet,0.8657137751579285,266,156,390,291
260,BEST.jpg,without_helmet,0.7132017612457275,478,217,590,346
260,frame000764_zone0_motorcycle_right.jpeg,without_helmet,0.6822171211242676,741,222,789,343
260,frame000766_zone0_motorcycle_right.jpeg,without_helmet,0.617050051689148,256,250,349,347
260,frame000768_zone0_motorcycle_left.jpeg,without_helmet,0.691875696182251,456,236,551,346
260,frame000772_zone1_motorcycle_left.jpeg,without_helmet,0.39862003922462463,462,234,567,352
260,frame000774_zone1_motorcycle_left.jpeg,without_helmet,0.7911903858184814,473,227,580,353
260,frame000778_zone2_motorcycle_left.jpeg,without_helmet,0.8065490126609802,481,204,599,343
260,frame000780_zone2_motorcycle_left.jpeg,without_helmet,0.8209911584854126,483,209,607,363
280,BEST.jpg,without_helmet,0.8244903683662415,460,218,562,333
280,frame000802_zone0_bicycle_right.jpeg,without_helmet,0.8004123568534851,245,247,331,350
280,frame000804_zone0_bicycle_right.jpeg,without_helmet,0.8105682134628296,243,244,331,343
280,frame000806_zone0_bicycle_left.jpeg,without_helmet,0.7935085892677307,454,237,536,332
280,frame000810_zone1_bicycle_left.jpeg,without_helmet,0.8081725239753723,450,231,544,340
280,frame000812_zone1_bicycle_left.jpeg,without_helmet,0.8081628084182739,454,226,551,335
280,frame000818_zone2_bicycle_left.jpeg,without_helmet,0.8658279776573181,457,191,568,330
280,frame000820_zone2_motorcycle_left.jpeg,without_helmet,0.804962158203125,462,182,569,328
305,BEST.jpg,without_helmet,0.7357056140899658,278,224,388,352
305,frame000826_zone0_bicycle_right.jpeg,without_helmet,0.5652465224266052,262,274,359,385
305,frame000828_zone0_motorcycle_right.jpeg,without_helmet,0.5712606906890869,266,276,369,390
305,frame000830_zone0_bicycle_right.jpeg,without_helmet,0.6131327748298645,208,209,290,308
305,frame000838_zone1_bicycle_right.jpeg,without_helmet,0.7007210850715637,206,186,286,293
305,frame000840_zone1_bicycle_right.jpeg,without_helmet,0.7262253165245056,276,230,385,354
305,frame000848_zone2_bicycle_right.jpeg,without_helmet,0.5899351239204407,201,143,298,243
305,frame000850_zone2_bicycle_right.jpeg,without_helmet,0.7129112482070923,283,191,408,338
305,frame000852_zone2_bicycle_right.jpeg,without_helmet,0.741679310798645,283,178,411,325
346,BEST.jpg,without_helmet,0.896244466304779,257,215,362,337
346,frame000944_zone0_bicycle_right.jpeg,without_helmet,0.8629822134971619,248,265,331,354
346,frame000946_zone0_bicycle_right.jpeg,without_helmet,0.869102954864502,249,262,335,356
346,frame000948_zone0_motorcycle_right.jpeg,without_helmet,0.8244221806526184,253,260,346,354
346,frame000956_zone1_bicycle_right.jpeg,without_helmet,0.844195544719696,247,242,343,348
346,frame000958_zone1_bicycle_right.jpeg,without_helmet,0.881571888923645,251,234,347,345
346,frame000960_zone1_bicycle_right.jpeg,without_helmet,0.8646920919418335,255,224,351,331
346,frame000966_zone2_motorcycle_right.jpeg,without_helmet,0.8300507068634033,268,211,372,344
346,frame000968_zone2_bicycle_right.jpeg,without_helmet,0.8217162489891052,276,201,384,342
348,BEST.jpg,without_helmet,0.7162022590637207,463,286,544,380
348,frame000950_zone0_motorcycle_right.jpeg,no_detection,0,,,,
348,frame000952_zone0_motorcycle_right.jpeg,no_detection,0,,,,
348,frame000954_zone0_motorcycle_left.jpeg,no_detection,0,,,,
348,frame000968_zone2_motorcycle_left.jpeg,without_helmet,0.7013842463493347,542,221,610,325
348,frame000970_zone2_motorcycle_left.jpeg,no_detection,0,,,,
358,BEST.jpg,without_helmet,0.8107991218566895,247,214,344,334
358,frame000988_zone0_bicycle_right.jpeg,without_helmet,0.8232951760292053,244,246,329,351
358,frame000990_zone0_bicycle_right.jpeg,without_helmet,0.8680621385574341,250,242,338,349
358,frame000992_zone0_bicycle_right.jpeg,without_helmet,0.8512155413627625,250,240,336,348
358,frame000998_zone1_bicycle_right.jpeg,without_helmet,0.8190059661865234,247,223,342,343
358,frame001000_zone1_bicycle_right.jpeg,without_helmet,0.7926753163337708,242,220,339,338
358,frame001006_zone2_bicycle_right.jpeg,without_helmet,0.8117486238479614,243,194,349,327
358,frame001008_zone2_motorcycle_right.jpeg,without_helmet,0.8083969950675964,248,187,353,321
358,frame001010_zone2_bicycle_right.jpeg,without_helmet,0.8388195037841797,253,177,367,317
374,BEST.jpg,without_helmet,0.80873703956604,254,201,351,328
374,frame000990_zone0_bicycle_right.jpeg,without_helmet,0.745288610458374,240,243,328,341
374,frame000992_zone0_bicycle_right.jpeg,without_helmet,0.7196635603904724,244,247,334,338
374,frame000994_zone0_bicycle_right.jpeg,without_helmet,0.7591532468795776,249,233,336,331
374,frame000998_zone1_bicycle_right.jpeg,without_helmet,0.7066165208816528,256,243,346,348
374,frame001000_zone1_bicycle_right.jpeg,without_helmet,0.8050384521484375,254,226,346,338
374,frame001006_zone2_bicycle_right.jpeg,without_helmet,0.6912227272987366,261,197,358,319
374,frame001008_zone2_bicycle_right.jpeg,without_helmet,0.7798130512237549,264,181,364,304
374,frame001010_zone2_bicycle_right.jpeg,without_helmet,0.808784544467926,267,175,371,316
380,BEST.jpg,without_helmet,0.7621322870254517,425,213,516,329
380,frame000990_zone0_bicycle_right.jpeg,without_helmet,0.6921258568763733,218,249,305,346
380,frame000992_zone0_bicycle_right.jpeg,without_helmet,0.6869979500770569,217,240,309,338
380,frame000994_zone0_bicycle_left.jpeg,without_helmet,0.7143324017524719,451,264,521,346
380,frame000998_zone1_motorcycle_left.jpeg,without_helmet,0.7088274359703064,421,210,498,306
380,frame001000_zone1_bicycle_left.jpeg,without_helmet,0.6423950791358948,461,260,538,345
380,frame001004_zone2_motorcycle_left.jpeg,without_helmet,0.7211691737174988,451,261,547,362
380,frame001006_zone2_bicycle_left.jpeg,without_helmet,0.6973254084587097,456,244,552,336
380,frame001008_zone2_bicycle_left.jpeg,without_helmet,0.7476239204406738,437,159,530,264
396,BEST.jpg,without_helmet,0.547613263130188,0,801,90,927
396,frame001002_zone0_bicycle_right.jpeg,without_helmet,0.70257568359375,544,649,631,767
396,frame001004_zone0_bicycle_right.jpeg,without_helmet,0.8097125887870789,229,266,321,358
396,frame001006_zone0_bicycle_right.jpeg,without_helmet,0.6746408939361572,557,647,645,773
396,frame001010_zone1_bicycle_left.jpeg,without_helmet,0.7602530717849731,26,725,125,838
396,frame001012_zone1_motorcycle_left.jpeg,without_helmet,0.7599318623542786,16,759,121,869
396,frame001014_zone1_bicycle_left.jpeg,without_helmet,0.7713855504989624,0,769,106,884
396,frame001018_zone2_bicycle_left.jpeg,without_helmet,0.7740065455436707,445,220,546,335
396,frame001020_zone2_bicycle_left.jpeg,without_helmet,0.6436129212379456,443,207,559,344
403,BEST.jpg,without_helmet,0.6325653195381165,254,162,363,320
403,frame001032_zone0_bicycle_right.jpeg,no_detection,0,,,,
403,frame001034_zone0_bicycle_right.jpeg,without_helmet,0.47784504294395447,250,221,347,339
403,frame001036_zone0_bicycle_right.jpeg,no_detection,0,,,,
403,frame001042_zone1_bicycle_right.jpeg,no_detection,0,,,,
403,frame001044_zone1_bicycle_right.jpeg,no_detection,0,,,,
403,frame001050_zone2_bicycle_right.jpeg,without_helmet,0.4673367142677307,255,135,368,286
403,frame001052_zone2_bicycle_right.jpeg,no_detection,0,,,,
403,frame001054_zone2_bicycle_right.jpeg,no_detection,0,,,,
416,BEST.jpg,without_helmet,0.8680187463760376,267,234,366,360
416,frame001062_zone0_bicycle_right.jpeg,without_helmet,0.8056043386459351,183,1176,307,1285
416,frame001064_zone0_bicycle_right.jpeg,without_helmet,0.8215941786766052,259,249,341,352
416,frame001066_zone0_bicycle_right.jpeg,without_helmet,0.8607224822044373,261,245,349,348
416,frame001072_zone1_bicycle_right.jpeg,without_helmet,0.8837578296661377,264,250,364,371
416,frame001074_zone1_bicycle_right.jpeg,without_helmet,0.8367141485214233,268,243,366,365
416,frame001080_zone2_bicycle_right.jpeg,without_helmet,0.8410672545433044,261,209,360,335
416,frame001082_zone2_motorcycle_right.jpeg,without_helmet,0.8488906025886536,255,205,366,339
416,frame001084_zone2_bicycle_right.jpeg,without_helmet,0.877678394317627,253,193,364,337
427,BEST.jpg,without_helmet,0.8012995719909668,448,200,551,314
427,frame001056_zone0_bicycle_right.jpeg,without_helmet,0.8120193481445312,236,254,326,354
427,frame001058_zone0_bicycle_right.jpeg,without_helmet,0.7782659530639648,243,253,337,347
427,frame001060_zone0_bicycle_left.jpeg,without_helmet,0.7907906174659729,450,246,542,340
427,frame001064_zone1_bicycle_left.jpeg,without_helmet,0.8247275948524475,440,226,535,337
427,frame001066_zone1_bicycle_left.jpeg,without_helmet,0.7996758818626404,440,219,544,330
427,frame001070_zone2_bicycle_left.jpeg,without_helmet,0.8259655237197876,451,189,560,310
427,frame001072_zone2_bicycle_left.jpeg,without_helmet,0.807340681552887,451,173,560,309
456,BEST.jpg,without_helmet,0.8334395289421082,284,223,402,338
456,frame001118_zone0_motorcycle_right.jpeg,without_helmet,0.8432114124298096,262,231,361,335
456,frame001120_zone0_bicycle_right.jpeg,without_helmet,0.8631042838096619,263,218,367,324
456,frame001122_zone0_motorcycle_right.jpeg,without_helmet,0.8740982413291931,265,222,373,326
456,frame001128_zone1_motorcycle_right.jpeg,without_helmet,0.8439915776252747,278,242,400,366
456,frame001130_zone1_motorcycle_right.jpeg,without_helmet,0.8410900235176086,278,224,398,343
456,frame001136_zone2_bicycle_right.jpeg,without_helmet,0.8420153260231018,289,204,410,333
456,frame001138_zone2_motorcycle_right.jpeg,without_helmet,0.8582820892333984,295,202,425,333
456,frame001140_zone2_bicycle_right.jpeg,without_helmet,0.860294759273529,296,177,426,318
459,BEST.jpg,without_helmet,0.789881706237793,252,213,352,323
459,frame001166_zone0_bicycle_right.jpeg,without_helmet,0.7985999584197998,238,248,324,336
459,frame001168_zone0_bicycle_right.jpeg,without_helmet,0.8337181210517883,245,248,333,339
459,frame001170_zone0_bicycle_right.jpeg,without_helmet,0.8500795364379883,229,237,319,333
459,frame001174_zone1_bicycle_right.jpeg,without_helmet,0.8040116429328918,248,242,338,337
459,frame001176_zone1_bicycle_right.jpeg,without_helmet,0.8562133312225342,249,234,343,338
459,frame001182_zone2_bicycle_right.jpeg,without_helmet,0.827714204788208,232,198,338,317
459,frame001184_zone2_bicycle_right.jpeg,without_helmet,0.795678973197937,238,196,345,305
459,frame001186_zone2_bicycle_right.jpeg,without_helmet,0.7408787608146667,241,169,354,293
468,BEST.jpg,without_helmet,0.697726309299469,234,224,340,338
468,frame001192_zone0_bicycle_right.jpeg,without_helmet,0.7772942781448364,245,246,341,353
468,frame001194_zone0_bicycle_right.jpeg,without_helmet,0.8143395185470581,244,246,340,349
468,frame001196_zone0_bicycle_right.jpeg,without_helmet,0.5015029907226562,227,226,329,342
468,frame001204_zone1_bicycle_right.jpeg,without_helmet,0.6004208922386169,226,202,338,325
468,frame001206_zone1_bicycle_right.jpeg,without_helmet,0.6265859007835388,220,175,335,298
468,frame001210_zone2_bicycle_right.jpeg,without_helmet,0.5298885703086853,241,162,359,288
468,frame001212_zone2_bicycle_right.jpeg,without_helmet,0.6757017970085144,236,156,363,293
477,BEST.jpg,without_helmet,0.8194773197174072,434,196,532,317
477,frame001222_zone0_bicycle_right.jpeg,without_helmet,0.7836041450500488,223,226,311,324
477,frame001224_zone0_bicycle_right.jpeg,without_helmet,0.8047055006027222,231,226,315,324
477,frame001226_zone0_bicycle_right.jpeg,without_helmet,0.7762306332588196,222,218,309,315
477,frame001230_zone1_bicycle_left.jpeg,without_helmet,0.7981845140457153,430,209,521,315
477,frame001232_zone1_bicycle_left.jpeg,without_helmet,0.8061710000038147,436,200,533,308
477,frame001238_zone2_bicycle_left.jpeg,without_helmet,0.8196091055870056,444,185,551,305
477,frame001240_zone2_bicycle_left.jpeg,without_helmet,0.8316903710365295,444,166,548,299
496,BEST.jpg,without_helmet,0.6364490389823914,274,244,380,361
496,frame001248_zone0_bicycle_right.jpeg,without_helmet,0.7604193091392517,263,266,342,364
496,frame001250_zone0_bicycle_right.jpeg,without_helmet,0.748565137386322,265,268,349,371
496,frame001252_zone0_bicycle_right.jpeg,without_helmet,0.7939857840538025,271,269,354,373
496,frame001256_zone1_bicycle_right.jpeg,without_helmet,0.6845618486404419,263,249,352,368
496,frame001258_zone1_bicycle_right.jpeg,without_helmet,0.8061959147453308,267,249,361,359
496,frame001262_zone2_bicycle_right.jpeg,without_helmet,0.8214936256408691,279,234,382,354
496,frame001264_zone2_bicycle_right.jpeg,without_helmet,0.7573472857475281,271,222,387,345
496,frame001266_zone2_bicycle_right.jpeg,without_helmet,0.6520591974258423,278,211,390,340
497,BEST.jpg,without_helmet,0.7446010112762451,467,272,552,378
497,frame001252_zone0_bicycle_right.jpeg,without_helmet,0.6075617671012878,256,286,327,383
497,frame001254_zone0_bicycle_right.jpeg,without_helmet,0.5866168141365051,254,278,327,375
497,frame001256_zone0_bicycle_left.jpeg,without_helmet,0.6077772378921509,476,179,569,275
497,frame001260_zone1_bicycle_left.jpeg,without_helmet,0.6330224871635437,456,261,545,360
497,frame001262_zone1_bicycle_left.jpeg,without_helmet,0.35039395093917847,493,168,590,273
497,frame001268_zone2_bicycle_left.jpeg,without_helmet,0.7732909321784973,466,269,553,383
497,frame001270_zone2_bicycle_left.jpeg,without_helmet,0.7864320278167725,454,269,546,388
519,BEST.jpg,without_helmet,0.8002784848213196,258,222,344,322
519,frame001280_zone0_bicycle_right.jpeg,without_helmet,0.8094363212585449,248,256,321,356
519,frame001282_zone0_bicycle_right.jpeg,without_helmet,0.8561378121376038,249,244,326,343
519,frame001284_zone0_bicycle_right.jpeg,without_helmet,0.6351988315582275,251,237,320,325
519,frame001292_zone1_bicycle_right.jpeg,without_helmet,0.8668864369392395,252,230,334,347
519,frame001294_zone1_bicycle_right.jpeg,without_helmet,0.7772741317749023,262,219,341,336
519,frame001300_zone2_bicycle_right.jpeg,without_helmet,0.8551633954048157,263,201,353,321
519,frame001302_zone2_bicycle_right.jpeg,without_helmet,0.7360565662384033,264,198,351,330
519,frame001304_zone2_motorcycle_right.jpeg,without_helmet,0.74158775806427,264,177,363,324
529,BEST.jpg,without_helmet,0.7385682463645935,438,238,545,349
529,frame001268_zone0_bicycle_right.jpeg,without_helmet,0.6946439743041992,225,252,322,342
529,frame001270_zone0_bicycle_right.jpeg,without_helmet,0.7317736148834229,225,232,323,335
529,frame001272_zone0_bicycle_right.jpeg,without_helmet,0.7593916058540344,219,229,316,326
529,frame001276_zone1_bicycle_right.jpeg,without_helmet,0.7546279430389404,213,221,303,331
529,frame001278_zone1_bicycle_left.jpeg,without_helmet,0.7894889116287231,421,232,528,342
529,frame001282_zone2_bicycle_left.jpeg,without_helmet,0.7738058567047119,438,213,546,334
529,frame001284_zone2_bicycle_left.jpeg,without_helmet,0.639228880405426,439,191,542,301
533,BEST.jpg,without_helmet,0.4792628288269043,233,225,337,331
533,frame001280_zone0_bicycle_right.jpeg,without_helmet,0.7246502041816711,220,267,300,351
533,frame001282_zone0_bicycle_right.jpeg,without_helmet,0.5631029605865479,220,264,311,352
533,frame001284_zone0_motorcycle_right.jpeg,without_helmet,0.7241259813308716,230,255,324,351
533,frame001290_zone1_bicycle_right.jpeg,without_helmet,0.470664918422699,224,239,319,342
533,frame001292_zone1_bicycle_right.jpeg,without_helmet,0.6885204911231995,227,232,329,344
533,frame001296_zone2_bicycle_right.jpeg,without_helmet,0.5834144353866577,242,223,343,304
533,frame001298_zone2_motorcycle_right.jpeg,without_helmet,0.4110543429851532,236,211,341,315
552,BEST.jpg,without_helmet,0.6979523301124573,459,207,566,330
552,frame001302_zone0_motorcycle_right.jpeg,without_helmet,0.7419117093086243,236,261,324,350
552,frame001304_zone0_motorcycle_right.jpeg,without_helmet,0.7675644159317017,239,259,335,353
552,frame001306_zone0_motorcycle_left.jpeg,without_helmet,0.6861225366592407,444,247,536,344
552,frame001310_zone1_motorcycle_left.jpeg,without_helmet,0.7294620871543884,451,225,549,330
552,frame001312_zone1_motorcycle_left.jpeg,without_helmet,0.78182452917099,462,231,559,332
552,frame001316_zone2_bicycle_left.jpeg,without_helmet,0.7415462136268616,451,216,558,327
552,frame001318_zone2_bicycle_left.jpeg,without_helmet,0.7584387063980103,422,200,533,316
573,BEST.jpg,no_detection,0,,,,
573,frame001350_zone0_motorcycle_right.jpeg,without_helmet,0.44828537106513977,240,296,344,360
573,frame001352_zone0_motorcycle_right.jpeg,no_detection,0,,,,
573,frame001354_zone0_motorcycle_right.jpeg,no_detection,0,,,,
573,frame001360_zone1_motorcycle_right.jpeg,no_detection,0,,,,
573,frame001362_zone1_motorcycle_right.jpeg,no_detection,0,,,,
573,frame001370_zone2_motorcycle_right.jpeg,no_detection,0,,,,
573,frame001372_zone2_motorcycle_right.jpeg,no_detection,0,,,,
573,frame001374_zone2_motorcycle_right.jpeg,no_detection,0,,,,
577,BEST.jpg,without_helmet,0.8656274676322937,452,245,554,370
577,frame001344_zone0_bicycle_right.jpeg,without_helmet,0.7961449027061462,247,247,329,342
577,frame001346_zone0_bicycle_right.jpeg,without_helmet,0.835280179977417,251,226,334,319
577,frame001348_zone0_bicycle_left.jpeg,without_helmet,0.8049653172492981,451,230,533,328
577,frame001352_zone1_bicycle_left.jpeg,without_helmet,0.865617036819458,442,217,535,323
577,frame001354_zone1_motorcycle_left.jpeg,without_helmet,0.8523539304733276,451,220,544,331
577,frame001356_zone1_bicycle_left.jpeg,without_helmet,0.842310905456543,448,216,543,336
577,frame001360_zone2_bicycle_left.jpeg,without_helmet,0.6829754710197449,409,196,522,334
586,BEST.jpg,without_helmet,0.6181358695030212,220,196,314,304
586,frame001342_zone0_bicycle_right.jpeg,without_helmet,0.5801528096199036,224,215,294,320
586,frame001344_zone0_bicycle_right.jpeg,without_helmet,0.5269646644592285,226,203,313,322
586,frame001346_zone0_bicycle_right.jpeg,without_helmet,0.6881672143936157,233,191,316,319
586,frame001352_zone1_bicycle_right.jpeg,without_helmet,0.36293452978134155,232,206,309,307
586,frame001354_zone1_motorcycle_right.jpeg,without_helmet,0.5739876627922058,236,217,327,314
586,frame001360_zone2_bicycle_right.jpeg,without_helmet,0.5505152940750122,250,190,320,302
586,frame001362_zone2_motorcycle_right.jpeg,without_helmet,0.4401360750198364,254,182,332,291
608,BEST.jpg,without_helmet,0.8167011737823486,232,209,328,326
608,frame001416_zone0_bicycle_right.jpeg,without_helmet,0.7783833146095276,239,242,319,343
608,frame001418_zone0_bicycle_right.jpeg,without_helmet,0.7976581454277039,244,237,330,338
608,frame001420_zone0_motorcycle_right.jpeg,without_helmet,0.8204646706581116,241,237,326,339
608,frame001426_zone1_motorcycle_right.jpeg,without_helmet,0.8072587251663208,238,234,333,338
608,frame001428_zone1_bicycle_right.jpeg,without_helmet,0.7999111413955688,233,215,325,326
608,frame001436_zone2_bicycle_right.jpeg,without_helmet,0.7605673670768738,234,187,334,313
608,frame001438_zone2_motorcycle_right.jpeg,without_helmet,0.8289328217506409,229,185,336,315
612,BEST.jpg,without_helmet,0.661243736743927,267,246,352,329
612,frame001414_zone0_motorcycle_right.jpeg,without_helmet,0.816066563129425,247,289,316,370
612,frame001416_zone0_motorcycle_right.jpeg,without_helmet,0.7769322991371155,679,205,752,302
612,frame001418_zone0_bicycle_right.jpeg,without_helmet,0.8758730292320251,260,272,338,349
612,frame001426_zone1_bicycle_right.jpeg,without_helmet,0.7452755570411682,259,269,338,338
612,frame001428_zone1_bicycle_right.jpeg,without_helmet,0.6882055401802063,262,260,340,331
612,frame001430_zone1_bicycle_right.jpeg,without_helmet,0.6813073754310608,255,252,342,322
612,frame001436_zone2_motorcycle_right.jpeg,without_helmet,0.7759579420089722,270,247,359,327
612,frame001438_zone2_motorcycle_right.jpeg,without_helmet,0.6938908696174622,270,237,361,318
632,BEST.jpg,without_helmet,0.5876561999320984,250,221,335,318
632,frame001468_zone0_bicycle_right.jpeg,without_helmet,0.663517951965332,252,253,324,341
632,frame001470_zone0_bicycle_right.jpeg,without_helmet,0.628217875957489,248,249,324,339
632,frame001472_zone0_bicycle_right.jpeg,without_helmet,0.7027478814125061,249,246,330,337
632,frame001480_zone1_bicycle_right.jpeg,without_helmet,0.49216917157173157,248,231,338,325
632,frame001482_zone1_bicycle_right.jpeg,without_helmet,0.5740294456481934,244,235,332,329
632,frame001490_zone2_bicycle_right.jpeg,without_helmet,0.7119213342666626,252,198,339,301
632,frame001492_zone2_bicycle_right.jpeg,without_helmet,0.7208207845687866,251,195,345,302
632,frame001494_zone2_bicycle_right.jpeg,without_helmet,0.6316214799880981,260,190,354,299
658,BEST.jpg,without_helmet,0.6742123365402222,211,165,298,244
658,frame001490_zone0_bicycle_right.jpeg,without_helmet,0.5069316029548645,234,265,326,362
658,frame001492_zone0_bicycle_right.jpeg,without_helmet,0.6512640714645386,230,257,306,354
658,frame001494_zone0_bicycle_right.jpeg,without_helmet,0.655580461025238,227,250,321,351
658,frame001498_zone1_bicycle_right.jpeg,without_helmet,0.7401148676872253,227,241,311,350
658,frame001500_zone1_bicycle_right.jpeg,without_helmet,0.7345704436302185,242,247,331,350
658,frame001502_zone1_bicycle_right.jpeg,without_helmet,0.7417439818382263,233,235,326,339
658,frame001508_zone2_motorcycle_right.jpeg,without_helmet,0.7947024703025818,242,199,331,325
658,frame001510_zone2_motorcycle_right.jpeg,without_helmet,0.48652783036231995,236,183,340,312
670,BEST.jpg,without_helmet,0.7579834461212158,277,196,366,281
670,frame001518_zone0_bicycle_right.jpeg,without_helmet,0.6476637125015259,248,264,327,355
670,frame001520_zone0_bicycle_right.jpeg,without_helmet,0.647127628326416,247,267,332,360
670,frame001522_zone0_bicycle_right.jpeg,without_helmet,0.5739302039146423,239,264,330,357
670,frame001530_zone1_bicycle_right.jpeg,without_helmet,0.5811850428581238,259,254,357,357
670,frame001532_zone1_bicycle_right.jpeg,without_helmet,0.7089690566062927,255,186,356,283
670,frame001538_zone2_bicycle_right.jpeg,without_helmet,0.8394315838813782,292,186,382,264
670,frame001540_zone2_motorcycle_right.jpeg,without_helmet,0.8227746486663818,286,249,379,363
670,frame001542_zone2_motorcycle_right.jpeg,without_helmet,0.780150294303894,281,238,382,366
675,BEST.jpg,without_helmet,0.6645835638046265,797,70,853,150
675,frame001518_zone0_bicycle_right.jpeg,without_helmet,0.8176937103271484,697,193,770,270
675,frame001520_zone0_bicycle_right.jpeg,without_helmet,0.7218503355979919,235,192,313,278
675,frame001522_zone0_bicycle_right.jpeg,without_helmet,0.678686261177063,248,236,335,340
675,frame001526_zone1_bicycle_right.jpeg,without_helmet,0.8378828167915344,740,124,818,205
675,frame001528_zone1_bicycle_right.jpeg,without_helmet,0.6456848978996277,249,234,340,327
675,frame001530_zone1_bicycle_right.jpeg,without_helmet,0.6748867034912109,252,232,342,325
675,frame001536_zone2_motorcycle_right.jpeg,without_helmet,0.7603294849395752,804,105,862,228
675,frame001538_zone2_bicycle_right.jpeg,without_helmet,0.42021408677101135,243,128,333,227
730,BEST.jpg,without_helmet,0.8256327509880066,238,241,333,336
730,frame001580_zone0_bicycle_right.jpeg,without_helmet,0.6657165288925171,237,270,320,358
730,frame001582_zone0_bicycle_right.jpeg,without_helmet,0.7468854188919067,239,259,319,345
730,frame001584_zone0_bicycle_right.jpeg,without_helmet,0.772657573223114,241,262,323,351
730,frame001590_zone1_bicycle_right.jpeg,without_helmet,0.8433972001075745,240,255,331,361
730,frame001592_zone1_bicycle_right.jpeg,without_helmet,0.8145429491996765,245,250,337,341
730,frame001598_zone2_motorcycle_right.jpeg,without_helmet,0.8299255967140198,249,225,347,323
730,frame001600_zone2_bicycle_right.jpeg,without_helmet,0.8211101293563843,256,216,359,325
730,frame001602_zone2_bicycle_right.jpeg,without_helmet,0.8383722901344299,250,200,358,328
745,BEST.jpg,without_helmet,0.6183175444602966,258,194,369,322
745,frame001614_zone0_motorcycle_right.jpeg,without_helmet,0.7796626091003418,227,254,319,340
745,frame001616_zone0_motorcycle_right.jpeg,without_helmet,0.47980520129203796,233,247,325,338
745,frame001618_zone0_motorcycle_right.jpeg,without_helmet,0.47953546047210693,241,248,332,345
745,frame001628_zone1_motorcycle_right.jpeg,without_helmet,0.7473135590553284,251,236,352,349
745,frame001630_zone1_motorcycle_right.jpeg,without_helmet,0.5206661820411682,251,230,341,345
745,frame001632_zone1_bicycle_right.jpeg,without_helmet,0.7576670050621033,246,222,352,335
745,frame001640_zone2_bicycle_right.jpeg,without_helmet,0.5147899985313416,256,183,373,307
745,frame001642_zone2_bicycle_right.jpeg,without_helmet,0.4784451723098755,242,171,367,302
754,BEST.jpg,without_helmet,0.8289017677307129,628,198,742,316
754,frame001616_zone0_bicycle_right.jpeg,without_helmet,0.8527604341506958,556,293,651,393
754,frame001618_zone0_bicycle_right.jpeg,without_helmet,0.8259785175323486,160,849,261,979
754,frame001620_zone0_bicycle_right.jpeg,without_helmet,0.79765385389328,568,276,664,380
754,frame001630_zone1_motorcycle_right.jpeg,without_helmet,0.7827634215354919,628,234,721,339
754,frame001632_zone1_motorcycle_right.jpeg,without_helmet,0.8233849406242371,628,209,735,327
754,frame001638_zone2_bicycle_right.jpeg,without_helmet,0.8157522678375244,641,158,752,281
754,frame001640_zone2_motorcycle_right.jpeg,without_helmet,0.8023024201393127,268,191,368,311
754,frame001642_zone2_bicycle_right.jpeg,without_helmet,0.8405970335006714,674,134,796,265
760,BEST.jpg,without_helmet,0.7676151990890503,249,245,362,346
760,frame001600_zone0_motorcycle_right.jpeg,without_helmet,0.8079233765602112,622,34,707,121
760,frame001602_zone0_bicycle_right.jpeg,without_helmet,0.8206150531768799,612,0,701,81
760,frame001604_zone0_motorcycle_right.jpeg,without_helmet,0.7991774678230286,613,0,710,56
760,frame001608_zone1_motorcycle_right.jpeg,without_helmet,0.8080875873565674,251,262,344,375
760,frame001610_zone1_motorcycle_right.jpeg,without_helmet,0.7532544732093811,545,1046,657,1183
760,frame001616_zone2_bicycle_right.jpeg,no_detection,0,,,,
760,frame001618_zone2_motorcycle_right.jpeg,without_helmet,0.7656195163726807,282,219,385,324
777,BEST.jpg,without_helmet,0.8169238567352295,221,197,303,288
777,frame001662_zone0_bicycle_right.jpeg,without_helmet,0.8116538524627686,264,260,349,374
777,frame001664_zone0_bicycle_right.jpeg,without_helmet,0.8361222743988037,265,261,351,379
777,frame001666_zone0_bicycle_right.jpeg,without_helmet,0.8171931505203247,264,265,350,387
777,frame001674_zone1_bicycle_right.jpeg,without_helmet,0.7680032849311829,223,197,297,284
777,frame001676_zone1_bicycle_right.jpeg,without_helmet,0.8283926248550415,269,216,359,340
777,frame001678_zone1_bicycle_right.jpeg,without_helmet,0.7836076617240906,227,207,297,298
777,frame001686_zone2_bicycle_right.jpeg,without_helmet,0.8455621600151062,224,192,300,290
777,frame001688_zone2_bicycle_right.jpeg,without_helmet,0.8183528184890747,225,175,305,273
800,BEST.jpg,without_helmet,0.5676788687705994,234,208,367,322
800,frame001672_zone0_bicycle_right.jpeg,without_helmet,0.6967244148254395,257,182,349,329
800,frame001674_zone0_bicycle_right.jpeg,without_helmet,0.5038767457008362,265,175,336,250
800,frame001676_zone0_bicycle_right.jpeg,without_helmet,0.6174635887145996,228,183,342,323
800,frame001682_zone1_bicycle_right.jpeg,without_helmet,0.6397412419319153,251,208,370,329
800,frame001684_zone1_bicycle_right.jpeg,without_helmet,0.6273590922355652,266,145,360,274
800,frame001686_zone1_bicycle_right.jpeg,without_helmet,0.765179455280304,230,138,380,327
800,frame001690_zone2_bicycle_right.jpeg,without_helmet,0.648960292339325,289,135,373,224
800,frame001692_zone2_bicycle_right.jpeg,no_detection,0,,,,
811,BEST.jpg,without_helmet,0.738124430179596,276,202,379,302
811,frame001702_zone0_bicycle_right.jpeg,without_helmet,0.7273420691490173,251,237,339,329
811,frame001704_zone0_bicycle_right.jpeg,without_helmet,0.7588249444961548,256,229,341,322
811,frame001706_zone0_bicycle_right.jpeg,without_helmet,0.7286856174468994,245,221,334,314
811,frame001714_zone1_bicycle_right.jpeg,without_helmet,0.6911930441856384,266,203,359,315
811,frame001716_zone1_bicycle_right.jpeg,without_helmet,0.6940368413925171,274,207,371,321
811,frame001724_zone2_bicycle_right.jpeg,without_helmet,0.707097053527832,256,163,368,283
811,frame001726_zone2_bicycle_right.jpeg,without_helmet,0.7550502419471741,273,162,378,267
847,BEST.jpg,without_helmet,0.773996889591217,267,159,323,245
847,frame001782_zone0_motorcycle_right.jpeg,without_helmet,0.7476264238357544,208,252,274,331
847,frame001784_zone0_bicycle_right.jpeg,without_helmet,0.729087233543396,205,251,273,336
847,frame001786_zone0_bicycle_right.jpeg,without_helmet,0.7770401239395142,206,171,307,319
847,frame001794_zone1_bicycle_right.jpeg,without_helmet,0.7623142600059509,245,173,312,258
847,frame001796_zone1_bicycle_right.jpeg,without_helmet,0.7779524326324463,248,155,318,242
847,frame001802_zone2_bicycle_right.jpeg,without_helmet,0.7592996954917908,212,138,308,230
847,frame001804_zone2_bicycle_right.jpeg,without_helmet,0.7583491206169128,210,210,297,293
847,frame001806_zone2_bicycle_right.jpeg,without_helmet,0.7535974383354187,213,126,331,251
869,BEST.jpg,without_helmet,0.7440447807312012,254,215,354,319
869,frame001824_zone0_bicycle_right.jpeg,without_helmet,0.7175754904747009,251,258,326,339
869,frame001826_zone0_bicycle_right.jpeg,without_helmet,0.6806519031524658,248,256,327,340
869,frame001828_zone0_bicycle_right.jpeg,without_helmet,0.7659965753555298,258,250,338,332
869,frame001834_zone1_bicycle_left.jpeg,without_helmet,0.7730928659439087,462,230,546,323
869,frame001836_zone1_bicycle_left.jpeg,without_helmet,0.701334536075592,461,232,552,319
869,frame001838_zone1_bicycle_right.jpeg,without_helmet,0.7120791077613831,255,222,344,314
869,frame001844_zone2_bicycle_left.jpeg,without_helmet,0.6971383094787598,470,202,568,312
869,frame001846_zone2_bicycle_right.jpeg,without_helmet,0.772617518901825,267,205,366,308
878,BEST.jpg,without_helmet,0.7468936443328857,581,129,657,213
878,frame001864_zone0_bicycle_right.jpeg,without_helmet,0.7720122337341309,585,79,663,171
